PortID,PortCode,PortName
1,INABG1,Alibag
2,INACH1,Achra
3,INADA6,Ahmedabad Adalaj
4,INADI1,Androth Island
5,INAGI1,Agatti Island
6,INAGR4,Agra
7,INAGR5,FPO AGRA
8,INAGR6,Agra
9,INAGTB,Agartala
10,INAGX4,Agatti Island
11,INAHD6,ICD SANAND
12,INAIG6,GE PVT. LTD.
13,INAII6,M/S IGATE GS LTD.
14,INAIK6,IBRAHIMPURICD KHURJA
15,INAIR6,SP PVT. LTD.
16,INAJE6,WLSPUN ANJAR SEZ
17,INAJJ6,Arakkonam Melpakkam
18,INAJL4,Aizawl
19,INAJM6,MUNDRA PORT SEZ
20,INAKB6,BIACPL SEZ
21,INAKD4,Akola
22,INAKP6,APIICL SEZ
23,INAKR6,RPCIPL SEZ
24,INAKV6,Ankleshwar ICD
25,INALA1,ALANG SBY
26,INALF1,Allepey
27,INAMD4,Ahmedabad
28,INAMD5,Ahmedabad
29,INAMD6,Ahmedabad
30,INAMG6,Amingaon (Gauhati)
31,INAMI1,Amini Island
32,INAMK6,KSITIL/SEZ/ALAPPUZHA
33,INANG1,Anijengo
34,INANL1,Arnala
35,INAPI6,AAP-SEZ AHMEDABAD
36,INAPL6,Dadri ACPL CFS
37,INAPT6,Anaparti
38,INARR6,Aroor
39,INASR2,Amritsar Railway Stn
40,INASR6,Amritsar
41,INATQ4,Amritsar
42,INATQ6,Amritsar
43,INATRB,Attari Road
44,INATT2,Attari Railway Stat
45,INAWM6,"SEZ, SHENDRA"
46,INAWS6,SOMANI SEZ BHIWADI
47,INAWW6,"WIDL AEZ, AURANGABAD"
48,INAZK1,Azhikkal
49,INBAG6,GEM&JEWEL-SEZ/ULWE
50,INBAI6,IT/ITES-B-SEZ/ULWE
51,INBAM6,MULTISERVCE-SEZ/ULWE
52,INBAP6,MULTISERVICEDRONAGIR
53,INBAT6,IT/ITES-C SEZ/UIWE
54,INBAU6,IT/ITES-A-SEZ/ULWE
55,INBAW6,ICD BAWAL
56,INBBI4,Bhubaneswar
57,INBBM6,Bari Brahamna ICD
58,INBBP1,Bahabal Pur
59,INBBS6,"SEZ, OIIDC, BHUBANES"
60,INBCH6,HARI SEZ VARANASI
61,INBCO6,EURO MULTIVISION SEZ
62,INBCP6,PRITECH/SEZ/BANGLORE
63,INBDB6,PRECIOUSCARGOCUSTOMS
64,INBDG1,Badagara
65,INBDH6,ICD BADOHI
66,INBDI6,"ICD BADDI,"
67,INBDM6,"ICD, PANCHI, SONIPAT"
68,INBDQ1,Vadodara
69,INBDR1,Baindur
70,INBED1,Bedi
71,INBEK4,Bareilly
72,INBEP4,Bellary
73,INBET1,Betul
74,INBEY1,Beypore
75,INBFR6,"M/S GRFL, ICD, BALLA"
76,INBGK6,Bhagat ki Kothi Jodh
77,INBGMB,Baghmara
78,INBGQ6,QUEST SEZ BELGAUM
79,INBGUB,Bairgania
80,INBGW1,Bhagwa
81,INBHC6,JUBILANT/SEZ/VILAYAT
82,INBHD6,DAHEZ SEZ
83,INBHJ4,Bhuj
84,INBHL6,Bhilwara
85,INBHM1,Bheemunipatnam
86,INBHO4,Bhopal
87,INBHS6,STERLING BHARUCH
88,INBHU1,Bhavanagar
89,INBHU4,Bhavanagar
90,INBKB4,Bikaner
91,INBKR1,Belekeri
92,INBKT1,Bankot
93,INBLC6,CESSNA/SEZ/BANGALORE
94,INBLE6,CONCOR ICD BALASORE
95,INBLJ6,Agra
96,INBLK1,Belekeri
97,INBLM1,Bilimora
98,INBLP1,Belapur
99,INBLR4,Bangalore
100,INBLR5,Bangalore
101,INBLR6,Bangalore
102,INBLTB,Balet
103,INBLV6,VTV/SEZ/BANGALORE
104,INBMA6,APIIC PRAKASHAM
105,INBMR2,Barmer Railway Stati
106,INBNC6,KBITS SEZ BANGALORE
107,INBND1,Bandra
108,INBNG6,"MAHAGAON ICD, THANE"
109,INBNK6,KOLKATA IT PARK
110,INBNP1,Bheemunipatnam
111,INBNRB,Bhimnagar
112,INBNT6,TCS
113,INBNW6,WIPRO SEZ
114,INBNX6,"CANDOR ONE HTSPL,SEZ"
115,INBNYB,Berhni
116,INBOK6,BORKHEDI ICD NAGPUR
117,INBOLB,Bolanganj
118,INBOM1,Mumbai (Ex Bombay)
119,INBOM4,Mumbai (Ex Bombay)
120,INBOM5,Mumbai (Ex Bombay)
121,INBOM6,Mumbai(EPZ/SEZ)
122,INBPL5,BHOPAL FPO
123,INBPS5,APSO MUMBAI
124,INBRAB,Barsora
125,INBRC6,Baroda
126,INBRH1,Broach
127,INBRI6,RNBIPL SEZ BIKANER
128,INBRL6,L & T/SEZ/VADODARA
129,INBRM1,Borlai ¨ Mandla
130,INBRS6,S E & C/SEZ/WAGHODIA
131,INBRY1,Borya
132,INBSAB,Banbasa
133,INBSB6,Varanasi
134,INBSL6,Bhusaval ICD
135,INBSN1,Bassein
136,INBSR1,Bulsar
137,INBSW6,AFS KAPASHERA
138,INBTK1,Bhatkal
139,INBTMB,Bhithamore(Sursnad)
140,INBTR1,Bitra Island
141,INBUD1,Budge-Budge
142,INBUL6,AN FTWZ BULANDSHAHR
143,INBUP4,Bhatinda
144,INBUP6,Bhatinda
145,INBVC6,CONCR-ICD/BALLABGARH
146,INBWD6,Bhiwadi
147,INBWN1,Bhiwandi
148,INBXR6,"DLF LTD., SEZ"
149,INBYT1,Beyt
150,INCAG6,TATA STEEL SEZGANJAM
151,INCAM1,Cambay
152,INCAP1,Calingapatam
153,INCAR1,Carijam
154,INCAS6,SAPL SEZ/ GANJAM
155,INCBC6,CHIPL SEZ/ COIMBATOR
156,INCBD4,Car Nicobar
157,INCBDB,Changrabandh
158,INCBE6,COIMBATORE
159,INCBL1,Chandbali
160,INCBS6,SE&C COIMBATORE
161,INCCH6,Chinchwad ICD
162,INCCI6,WIPRO SEZ HINJEWADI
163,INCCJ1,Kozhikode (ex Calicu
164,INCCJ4,Kozhikode (ex Calicu
165,INCCP6,"PEPPL SEZ, CHINCHWAD"
166,INCCQ6,M/S QB PARK LTD.
167,INCCT6,KINFRAFP SEZ
168,INCCU1,Calcutta
169,INCCU4,Calcutta
170,INCCU5,Calcutta
171,INCCW6,WIPRO LTD.
172,INCDC6,RGT PARK (PHASE-II)
173,INCDD6,RGT PARK (PHASE-I)
174,INCDL1,Cuddalore
175,INCDP1,Coondapur (Ganguly)
176,INCDP4,Cuddapah
177,INCDP6,M/S APIIC LTD SEZ.
178,INCDQ6,QUARKCITY/SEZ/MOHALI
179,INCDR6,SUN PHARMACEUTICALS
180,INCEC6,L&T AE IT SEZ PVT.
181,INCGA6,MWCD APARELS CHENGPA
182,INCGE6,ETA TECH. PVT. LTD.
183,INCGI6,MWCD SEZ CHENGALPATU
184,INCGL6,MWCD AUTO ANCILARIES
185,INCHE6,Tiruppur-Chettipalay
186,INCHJ6,ICD WARDHA
187,INCHL1,Colachel
188,INCHMB,Chamurchi
189,INCHN6,Vadodara Chhani CFS
190,INCHPB,Champai
191,INCHR1,Chapora
192,INCJA6,L&T AE IT SEZ
193,INCJB4,Coimbatore
194,INCJB6,Coimbatore
195,INCJC6,NCTL (ENGG.) SEZ/ KA
196,INCJD6,DLF INFOCITY DEV.
197,INCJE6,ECTN KANCHEEPURAM
198,INCJF6,FTIL SRIPERUMBUDUR
199,INCJH6,ICD WARDHA
200,INCJI6,ETL IS LTD.
201,INCJJ6,J M FTZ/SEZ/MANNUR
202,INCJN6,NIPL SEZ SRIPERUMBUD
203,INCJO6,SIPCOT ORAGADAM SRIP
204,INCJS6,SIPCOT SRIPERUMBUDUR
205,INCLK6,KSITIL/SEZ/KOZHIKODE
206,INCLU6,ULCCS/SEZ/KOZHIKODE
207,INCLX6,Chirala
208,INCMB1,Cambay
209,INCML6,KATHUWAS ICD ALWAR
210,INCNB1,Car-Nicobar
211,INCNC6,NCT PVT. LTD. SEZ
212,INCNN1,Cannanore
213,INCOA6,KAKINADA SEZ KAKINAD
214,INCOH4,Cooch Behar
215,INCOK1,Cochin
216,INCOK4,Cochin
217,INCOK6,Cochin(EPZ/SEZ)
218,INCOL1,Colochel
219,INCOO1,Coondapur (Ganguly)
220,INCOP6,PARRY SEZ KAKINADA
221,INCPC6,Kanpur Chakeri
222,INCPL6,Dadri CGML
223,INCPR6,ICD CHAWAPAYAL
224,INCRL6,RGA SEZ CHIKKANKANNE
225,INCRN1,Cornwallis
226,INCRW6,WIPRO/SEZ/BANGALORE
227,INCRXB,LOKSAN LCS
228,INCSP6,SI PVT. LTD.
229,INCSV6,SPVL SEZ COIMBATORE
230,INCTI1,Chetlat Island
231,INCUM1,Cutch Mandvi
232,INDAE4,Daparizo
233,INDAH1,Dahej
234,INDAI4,Darjeeling
235,INDAM1,Daman
236,INDAM4,Daman
237,INDAR6,ARTHA SEZ GR. NOIDA
238,INDBD4,Dhanbad
239,INDBS6,SANTA-SEZ/ViII-MUPPI
240,INDDL6,PSWC ICD DHANDARIKAL
241,INDEA6,AS PVT. LTD.
242,INDED4,Dehra Dun
243,INDEF6,INFOSYS SEZ DADRI
244,INDEG1,Deogad
245,INDEH6,HCL TECH. LTD. DEV.
246,INDEI6,IVR SEZ NOIDA
247,INDEJ6,JUBILANT SEZ NOIDA
248,INDEL4,Delhi
249,INDEL5,Delhi
250,INDEM6,MOSERBAER/SEZ/NOIDA
251,INDEN6,M/S NIIT TECH. LTD.
252,INDEP4,Deparizo
253,INDER6,Dadri
254,INDES6,M/S SEAVIEW DEV. LTD
255,INDET6,UNITECH HITECH NOIDA
256,INDEU6,UNITECHINFRA NOIDA
257,INDEW6,M/S WIPRO LTD.
258,INDGI6,GALLANT SEZ NOIDA
259,INDGT6,GOLDEN SEZ NOIDA
260,INDHA6,Indore-Dhannad
261,INDHBB,Dhubri Steamerghat
262,INDHLB,Dhalaighat
263,INDHM4,Dharamsala
264,INDHN1,Dahanu
265,INDHP1,Dabhol Port
266,INDHR1,Dholera
267,INDHU1,Dahanu
268,INDIB4,Dibrugarh
269,INDID6,"SEZ, MIDC, NANDED"
270,INDIG1,Dighi Port
271,INDIG6,Dighi (Pune)
272,INDIT6,ANSAL IT/SEZ/NOIDA
273,INDIU1,Diu
274,INDIU4,Diu
275,INDIV1,Div
276,INDLAB,Dharchula
277,INDLH6,APLLP SEZ BENGALURU
278,INDLI2,Delhi Railway Statio
279,INDLOB,BIRPARA LCS
280,INDLUB,Dalu
281,INDMA1,DHAMRA
282,INDMRB,Demagir
283,INDMT1,Dharamtar
284,INDMU4,Dimapur
285,INDPC4,DPC BKC Mumbai
286,INDPR6,DAPPER
287,INDRC6,RCIPL SEZ NOIDA
288,INDRGB,Darranga
289,INDRK1,Dwarka (Rupen)
290,INDRL1,Dabolim
291,INDRU6,Belgaum Desur
292,INDSK1,Dhanu-shkodi
293,INDSM6,SMRTPL SEZ NOIDA
294,INDTW1,Dantiwara
295,INDUR6,ICD Durgapur
296,INDWA1,Dwarka
297,INDWKB,Dawki
298,INDWN6,ICD SAMALKHA PANIPAT
299,INDWR6,INFOSYS SEZ HUBLI
300,INENR1,KAMARAJAR PORT LTD
301,INERP6,PUTHUVYPEEN SEZ
302,INERV6,VALLARPADOM SEZ
303,INESH1,Elphinstone Harbour
304,INFBD6,ICD Faridabad
305,INFBE6,ESPIRE SEZ FARIDABAD
306,INFBM6,METRO SEZ GURGAON
307,INFBP6,PERPETUAL FARIDABAD
308,INFBRB,Fulbari LCS
309,INFBS6,SELECTOSEZ FARIDABAD
310,INFCH5,FPO(SEA) CHENNAI
311,INFLT6,Falta(SEZ)
312,INFMA6,APIICL MEDAK
313,INFMH6,HGSEZL RANGA REDDY
314,INFMJ6,"M/S J.T. SEZ, RANGAR"
315,INFMS6,"M/S STARGAZE, SEZ"
316,INGAIB,Gauriphanta
317,INGALB,Galgalia
318,INGAO6,OPGS POWER GUJARAT
319,INGAS6,ANSAL SEZ GURGAON
320,INGAU1,Gauhati (Panidi)
321,INGAU2,Gauhati (Panidi)
322,INGAU4,Gauhati (Panidi)
323,INGAU5,FPO GUWAHATI
324,INGAW2,Guwahati
325,INGAY4,Gaya
326,INGDL6,"DLF CYBERCITY SEZ,"
327,INGDM6,MF PARK PVT. LTD.
328,INGDP6,FLLPL SEZ THIRUVALUR
329,INGED2,Gede Railway Station
330,INGGA1,Gogha
331,INGGB6,SBPL SEZ GURGAON
332,INGGC6,ORIENT SEZ GURGAON
333,INGGD6,DLF LTD.
334,INGGE6,AEPL SEZ GURGAON
335,INGGF6,FRESH SEZ GURGAON
336,INGGG6,GHI SEZ GURGAON
337,INGGI6,"GIL SEZ, GURGAON"
338,INGGL6,LUXOR SEZ GURGAON
339,INGGM6,MIPPL SEZ GURGAON
340,INGGN2,Gurgaon
341,INGGO6,ORIENTCRAFT SEZ GGN
342,INGGP6,SUNWISE SEZ GURGAON
343,INGGS6,SUNCITY SEZ GURGAON
344,INGGU6,URP LTD.
345,INGGV1,GANGAVARAM PORT
346,INGHA1,Ghogha
347,INGHC6,ASF INSIGNIA SEZ
348,INGHPB,Ghasuapara
349,INGHR6,Garhi Harsaru Gurgao
350,INGHWB,Gauhati Steamerghat
351,INGID6,MID PLTD SEZ GURGAON
352,INGIN6,Gandhidham
353,INGJIB,Gunji
354,INGJXB,Ghojadanga
355,INGKJ2,Golakganj Railway St
356,INGKJB,Golakganj LCS
357,INGLY6,APIIC MAHABOOBNAGAR
358,INGMI6,MID PVT LTD.
359,INGNA6,"APPL, SEZ"
360,INGNC6,GIFT SEZ LTD
361,INGNG6,"GIDC, SEZ"
362,INGNL6,LOMA ITPARK GHANSOLI
363,INGNP6,GPRPL SEZ GURGAON
364,INGNR6,LIPL/MARRIPLEMGUNTUR
365,INGNT6,"TCSL, SEZ"
366,INGOI4,Goa
367,INGOP4,Gorakhpur
368,INGPB6,PROGRESSIVE GURGAON
369,INGPR1,Gopalpur
370,INGRD6,Mumbai DP-II
371,INGRL6,GPRL SEZ GURGAON
372,INGRN6,RELIANCE SEZ GURGAON
373,INGRR6,Mumbai DP-I
374,INGRS6,RAHEJA SEZ GURGAON
375,INGRW6,APM ICD BHAMBOLIKHED
376,INGTGB,Gitaldah road
377,INGTI6,INFOSYS TECH. LTD.
378,INGTR2,Guntur
379,INGTS6,SP PVT. LTD.
380,INGTZB,Getandah
381,INGUX4,Guna
382,INGWL4,Gwalior
383,INGWL6,Malanpuri (Gwalior)
384,INGWM4,VIJAYAWADA AIRPORT
385,INHAL1,Haldia
386,INHAN6,HINDAUN ICD KARAULI
387,INHAO6,OPTOINFRA/SEZ/HASSAN
388,INHAS6,HASSAN ICD
389,INHBB6,SDPL SEZ BENGALURU
390,INHBX4,Hubli
391,INHDD6,SIDCUL ICD PANTNAGAR
392,INHEB6,GOCL SEZ BENGALURU
393,INHEI6,INFOSYS/SEZ/MYSORE
394,INHEM6,MEBP/SEZ/BANGALORE
395,INHGLB,Hingalganj
396,INHGT1,Hangarkatta
397,INHIR6,SHB ICD SURAT
398,INHJR4,Khajuraho
399,INHLD2,Haldibari Railway St
400,INHLE6,INFY SEZ BEGURHOBLI
401,INHLIB,Hilli
402,INHND1,HEMNAGAR PORT
403,INHON1,Honavar
404,INHPI6,SANDKHERA ICD KASHIP
405,INHRN1,Harnai
406,INHSF6,KIADBFP SEZ HASSAN
407,INHSP6,KIADBP SEZ HASSAN
408,INHSS4,Hissar
409,INHST6,KIADBT SEZ HASSAN
410,INHSU6,ICD HOSUR
411,INHTSB,Hatisar
412,INHUR6,"M/S RASSI, SEZ"
413,INHWR1,Honawar
414,INHYB6,LHT PARK PVT. LTD.
415,INHYD4,Hyderabad
416,INHYD5,FPO HYDERABAD
417,INHYD6,Hyderabad
418,INHZA1,"HAZIRA, SURAT"
419,INHZA6,"Hazira SEZ, Surat"
420,INIDR4,Indore
421,INIDR6,Indore(EPZ/SEZ)
422,INIGU6,Coimbatore Irugur IC
423,INILP6,Tiruvallur-ILP ICD
424,INIMF4,Imphal
425,ININB6,"CRYSTAL IT PARK, SEZ"
426,ININD6,ICD Pithampur
427,ININI6,IMPETUS INFOTECH SEZ
428,ININN6,INFOSYS SEZ INDORE
429,ININT6,TCS SEZ INDORE
430,INISK4,Nasik
431,INISK6,Nasik
432,INIXA4,Agartala
433,INIXB4,Bagdogra
434,INIXC4,Chandigarh
435,INIXD4,Allahabad
436,INIXE1,Mangalore
437,INIXE4,Mangalore
438,INIXG4,Belgaum
439,INIXH4,Kailashahar
440,INIXI4,Lilabari
441,INIXJ4,Jammu
442,INIXK4,Keshod
443,INIXL4,Leh
444,INIXL5,FPO LEH
445,INIXM4,Madurai
446,INIXM6,MaduraiICD
447,INIXN4,Khowai
448,INIXP4,Pathankot
449,INIXQ4,Kamalpur
450,INIXR4,Ranchi
451,INIXS4,Silchar
452,INIXT4,Pasighat
453,INIXU4,AURANGABAD
454,INIXW4,Jamshedpur
455,INIXW6,Jamshedpur ICD
456,INIXY1,Kandla
457,INIXY4,Kandla
458,INIXY6,Kandla SEZ
459,INIXZ1,Port Blair
460,INIXZ4,Port Blair
461,INJAI4,Jaipur
462,INJAI5,Jaipur
463,INJAI6,Jaipur
464,INJAK1,Jakhau
465,INJAL6,Jalgaon
466,INJAYB,Jayanagar
467,INJBD1,Jafrabad
468,INJBL6,E-COMPLEX SEZ/Amreli
469,INJBNB,JOGBANI
470,INJDA1,Jodia
471,INJDH4,Jodhpur
472,INJDH6,Jodhpur
473,INJGA4,Jamnagar
474,INJGB4,Jagdalpur
475,INJGD1,Jaigad
476,INJGI6,GENPACT SEZ JAIPUR
477,INJHA6,VEDANTA ALU. LTD.
478,INJHOB,Jhulaghat (Pithoraga
479,INJHV6,VEDANTASEZJHARSUGUDA
480,INJIGB,Jaigaon
481,INJJK6,ICD JSL JAJPUR
482,INJKA6,SACHANA ICD VIRAMGAM
483,INJLR4,Jabalpur
484,INJNJ6,NEWFOUND SEZ THANE
485,INJNR4,Nashik-Janori ACC
486,INJNR6,Nashik-Janori ICD
487,INJPGB,Jalpaiguri
488,INJPI6,RIICO SEZ 1 SITAPUR
489,INJPV6,VATIKA SEZ JAIPUR
490,INJPW6,MWC JAIPUR LTD.
491,INJRH4,Jorhat
492,INJSA4,Jaisalmer
493,INJSG6,CONCOR JHARSUGUDA
494,INJSM6,ADANI POWER SEZ
495,INJSZ6,JAIPUR SEZ
496,INJTP1,Jaitapur
497,INJUC6,Jalandhar
498,INJUX6,Basni Jodhpur ICD
499,INJWAB,Jarwa
500,INKAK1,Kakinada
501,INKAK6,Kakinada
502,INKAL1,Kallai
503,INKAP6,Kapadra (Surat)
504,INKAR6,Karur ICD
505,INKAT1,KATTUPALLI PORT
506,INKBC6,ICD HAZIRA
507,INKBT1,Khambhat
508,INKCG6,NSL SEZ PVT. LTD.
509,INKDD6,Karedu
510,INKDI1,Kadmat Island
511,INKDL6,KANDLA SEZ
512,INKDN1,Kodinar(Muldwarka)
513,INKDP1,Kondiapetnam
514,INKELB,Kel Sahar Subdivisio
515,INKGG6,GLOBAL/SEZ/BANGALORE
516,INKGJ1,KARIMGANJ STEAMERGHA
517,INKHD6,ICD Kheda-Dhar
518,INKIW1,Kelwa
519,INKJA6,APP/SEZ/DODAKANAHALI
520,INKJB6,BAGMAN/SEZ/BANGALORE
521,INKJD6,DIVYA/SEZ/BANGALORE
522,INKJG6,GOPALAN/SEZ/BANGALOR
523,INKJH6,HCL/SEZ/BANGALORE
524,INKJIB,PIPRAUN LCS
525,INKJM6,BD SEZ BENGALURU
526,INKJR6,BBREL KUNDALAHALLI
527,INKKR1,Kilakari
528,INKKU6,Kanakpura Jaipur ICD
529,INKLB6,BLUE/SEZ/ERNAKULAM
530,INKLC6,CARB/SEZ/ERNAKULAM
531,INKLG6,SGS/SEZ/ERNAKULAM
532,INKLH4,Kohlapur
533,INKLI6,INFOPARK/SEZ/EKM
534,INKLK6,KINFRA KANAYANNOOR
535,INKLM6,MULTISERVCEKALAMBOLI
536,INKLN6,IT/ITES/SEZ/KALAMBOL
537,INKLS6,SMART CITY SEZ KOCHI
538,INKLY1,Kalyan
539,INKMAB,KULKULI LCS
540,INKMB1,Kumbharu
541,INKMI6,INFO SEZ ERNAKULAM
542,INKML6,DEIPL KURUBARAPALLI
543,INKND1,Kankudy
544,INKNK6,INFOPARK SEZ KORATTY
545,INKNLB,Kunauli
546,INKNU4,Kanpur
547,INKNU5,FPO KANPUR
548,INKNU6,Kanpur
549,INKOC5,Kochi
550,INKOD1,Kodinar
551,INKOI1,Koilthottum
552,INKOK1,Koka
553,INKON1,Konarak
554,INKPK6,CONCOR ICD MIHAN
555,INKRI1,Krishnapatnam
556,INKRK1,Karaikal
557,INKRM6,MADC LTD.
558,INKRN1,Karanja
559,INKRP1,Kiranpani
560,INKRW1,Karwar
561,INKSG1,Kasargod
562,INKSH1,Kelshi
563,INKSP1,Kulasekarapatnam
564,INKTD1,Kotda
565,INKTGB,Katarniyaghat
566,INKTI1,Kiltan Island
567,INKTRB,Kathihar
568,INKTT6,Kota
569,INKTU4,Kota
570,INKTU6,Kota
571,INKTW1,Koteshwar
572,INKTY6,CHEYYAR POCHAMPALLI
573,INKUK1,KOLLAM PORT
574,INKUK6,KSITIL/SEZ/KOLLAM
575,INKUR6,OIIDC SEZ KHURDA
576,INKUU4,Kulu
577,INKVI1,Kavi
578,INKVL1,Kovalam
579,INKVR6,WFPML SEZ KOVVUR
580,INKVT1,Kavaratti Island
581,INKWAB,Khunwa
582,INKWGB,Khowaighat
583,INKWHB,KAKRAHAWA LCS
584,INKXJ2,Karimganj Railway St
585,INKYM6,KOTTAYAM
586,INKZE6,E TECH-I/SEZ/THPURAM
587,INKZP6,E PARK-III/SEZ/T'RAM
588,INKZT6,E PARK-II/SEZ/TPURAM
589,INLCH6,HCL IT SEZ LUCKNOW
590,INLDA4,Malda
591,INLDH6,Ludhiana
592,INLGLB,Lalgola Town
593,INLKO4,Lucknow
594,INLKQB,LAUKAHA LCS
595,INLON6,ICD Loni
596,INLPB6,BBLLP NANAKRAMGUDA
597,INLPC6,CMC LTD.
598,INLPD6,"M/S DLF, SEZ"
599,INLPG6,GCPL SEZ KOKAPET
600,INLPI6,"M/S SUNDEW, SEZ"
601,INLPJ6,RELIANCE SEZ
602,INLPM6,MDL NANAKRAMGUDA
603,INLPR1,Leapuram
604,INLPS6,D NSL IP LTD.
605,INLPW6,WIPRO LTD. HYDERABAD
606,INLTBB,Latu Bazar
607,INLUD6,LUDHIANA
608,INLUH4,Ludhiana
609,INLUH5,FPO LUDHIANA
610,INLUH6,Ludhiana
611,INLWG6,WIPRO LTD.
612,INMAA1,Chennai (Ex Madras)
613,INMAA4,Chennai (Ex Madras)
614,INMAA5,Chennai (Ex Madras)
615,INMAA6,Chennai(EPZ/SEZ)
616,INMAB6,BRIGADE/SEZ/KANNADA
617,INMAE6,EC OF TAMIL NADU
618,INMAH1,Mahe
619,INMAI6,INFOSYS/SEZ/MANGALOR
620,INMAL1,Malpe
621,INMAP1,Masulipatnam
622,INMAQ6,MANGALORE SEZ
623,INMAS6,TRIL INFOPARK LTD.
624,INMBC6,Moradabad(EPZ/SEZ)
625,INMBD6,Pakwara (Moradabad)
626,INMBS6,Madhosingh ICD
627,INMCI1,Minicoi I
628,INMDA1,Magdalla
629,INMDD6,Mandideep ICD
630,INMDE6,APIIC SEZ MEDAK
631,INMDG6,Margao
632,INMDK1,Muldwarka
633,INMDP1,Mandapam
634,INMDU6,KERN ICD MADURAI
635,INMDV1,Mandvi
636,INMDW1,Meadows
637,INMEA6,APIIC-SEZ/ViII-LALGA
638,INMEC6,EC OF TAMIL NADU
639,INMGHB,Mahendraganj
640,INMGR1,Mangrol
641,INMHA1,Mahuva
642,INMHDB,Kotawalighat (Mohedi
643,INMHE1,Mahe
644,INMHGB,Mahurighat
645,INMHN2,Mahisashan Railway S
646,INMKCB,Manikarchar
647,INMKD6,MIKADO SEZ GURGAON
648,INMLI1,Maroli
649,INMLP1,Mallipuram
650,INMLW1,Malwan
651,INMNB2,Munabao Railway Stat
652,INMNR1,Manori
653,INMNUB,Manu
654,INMNW1,Mandwa
655,INMOH4,Mohanbari
656,INMOR2,Moradabad
657,INMPC1,TEST
658,INMPR6,Malanpur ICD
659,INMQK6,KIADB/SEZ/MANGALORE
660,INMRA1,Mora
661,INMRD1,Murad
662,INMREB,Moreh
663,INMRG4,Margao
664,INMRJ6,Miraj
665,INMRM1,Marmagoa
666,INMSR6,RENAIS/SEZ/BANGALORE
667,INMTW1,Metwad
668,INMUC6,SCPL/SEZ/MULUND
669,INMUL6,Mulund ICD
670,INMUN1,Mundra
671,INMUR1,Murad
672,INMUZ6,MODINAGAR ICD
673,INMWA6,ICD Maliwada
674,INMYB1,Mayabandar
675,INMYL6,L AND T/SEZ/MYSORE
676,INMYO6,OPTOINFRA/SEZ/MYSORE
677,INMYQ4,Mysore
678,INMZA4,Muzaffarnagar
679,INMZU4,Muzaffarpur
680,INNAG4,Nagpur
681,INNAG6,Nagpur
682,INNAN1,Nancowrie
683,INNAV1,Navlakhi
684,INNDA6,Noida(EPZ/SEZ)
685,INNDC4,Nanded
686,INNDG1,Nandgaon
687,INNDP1,Tuglakabad
688,INNEE1,Neendakara
689,INNEL1,Nellore
690,INNGB6,BUTIBORI ICD NAGPUR
691,INNGKB,NAGARKATA LCS
692,INNGO6,OSE SEZ NOIDA
693,INNGP6,Nagpur
694,INNGRB,Nepalgunj Road
695,INNGSB,Village Namgaya Ship
696,INNKI6,INDIABULLS NASHIK
697,INNKNB,Namkhana
698,INNML1,New Mangalore
699,INNMTB,Neamati steamer Ghat
700,INNNN6,AMRL SEZ NANGUNERI
701,INNPGB,Nampong
702,INNPT1,Nagapattinam
703,INNRP6,AA LTD.
704,INNSA1,Jawaharlal Nehru (Nh
705,INNSK6,Nasik
706,INNTLB,SHERATHANG LCS
707,INNTVB,THOOTHIBARI LCS
708,INNUR6,Kundli
709,INNVB1,Navabunder(with its
710,INNVP1,Navaspur
711,INNVT1,Nivti
712,INNVY4,Neyveli
713,INNWP1,Newapur
714,INNYP6,APIIC LTD.
715,INOKH1,Okha
716,INOMN4,Osmanabad
717,INOMU1,Old Mundra Port
718,INONJ1,Onjal
719,INPAB4,Bilaspur
720,INPAK6,KSITIL/SEZ/PAYYANOOR
721,INPAN1,Panaji Port
722,INPAO6,HBS SEZ PANOLI
723,INPAP2,Panipat
724,INPAT4,Patna
725,INPAV1,Pipavav (Victor) Por
726,INPAV2,Pipavav (Victor) Por
727,INPBD1,Porbandar
728,INPBD4,Porbandar
729,INPBLB,KAMARDWISA LCS
730,INPDD1,Padubidri Minor Port
731,INPEK6,EKIPL/SEZ/PUNE
732,INPGH4,Pantnagar
733,INPHBB,Phulbari
734,INPID1,Port Indai
735,INPIN1,Pindhara
736,INPIT6,ITL/SEZ/PUNE
737,INPKD6,IGEL SEZ SETTIPALI
738,INPKR6,"ICD PALI, REWARI"
739,INPMB1,Pamban
740,INPMP6,Pimpri
741,INPMT6,MTDCCL/SEZ/PUNE
742,INPNB6,BTSL SEZ PUNE
743,INPNE6,NT PVT. LTD.
744,INPNF5,PATNA FPO
745,INPNI6,MITTAL SEZ PANIPAT
746,INPNJ1,Panjim
747,INPNK6,KLPPL PANKI
748,INPNL6,PERSIPINA SEZ RAIGAD
749,INPNM1,Panambur
750,INPNN1,Ponnani
751,INPNP6,Babarpur
752,INPNQ2,Pune
753,INPNQ4,Pune
754,INPNQ6,SERUM BIO/SEZ/PUNE
755,INPNTB,Panitanki(Naxalbari)
756,INPNU6,TMSF PVT. LTD.
757,INPNV6,ICD Panvel
758,INPNY1,Pondicherry
759,INPNY4,Pondicherry
760,INPNY6,ICD PULICHAPALLAM
761,INPPG6,"Patparganj ICD,DELHI"
762,INPPJ1,Pellet Plant Jetty a
763,INPRD6,PREPL SEZ PERUNGUDI
764,INPRG1,Purangad
765,INPRK6,ICD POWARKHEDA
766,INPRT1,Paradeep
767,INPSH1,Palshet
768,INPSI6,SIPL/SEZ/PUNE
769,INPSN6,PERFECT SEZ NOIDA
770,INPSP6,NSPL SEZ HINJEWADI
771,INPTL6,Patli ICD
772,INPTN1,Portonovo
773,INPTPB,Petrapole LCS
774,INPUA6,AIGP SEZ WAGHOLI
775,INPUE6,EON KHARADI SEZ
776,INPUI6,KIPPLGDPLSEZ KHARADI
777,INPUL1,Pulicat
778,INPUM6,MIDC PUNE
779,INPUN6,"M/S KBTV PVT., PUNE"
780,INPUR1,Puri
781,INPUT4,Puttaparthi
782,INPVL6,Panvel ICD
783,INPVS6,SNPIP SEZ TAMBARAM
784,INPWL6,PALWAL ICD
785,INPYB4,Jeypore
786,INPYS6,SIPCOT SEZ ERODE
787,INQRP6,ADANI ICD KILARAIPUR
788,INQUI1,Quilon
789,INRAI6,Raipur
790,INRAJ4,Rajkot
791,INRAJ6,Rajkot
792,INRAM1,Rameshwaram
793,INRDP2,Radhikapur Railway S
794,INREA6,Rewari
795,INRED1,Redi
796,INREW4,Rewa
797,INRGBB,Old Raghna Bazar
798,INRGH4,Balurghat
799,INRGJ2,RAIGANJ LCS RLY
800,INRGT1,Ranghat Bay
801,INRGUB,Ryngku
802,INRJA4,Rajahmundry
803,INRJI4,Rajouri
804,INRJN6,LS PVT. LTD.
805,INRJP1,Rajpara
806,INRJR1,Rajpuri
807,INRKG1,Rajakkamangalam
808,INRMD4,Ramagundam
809,INRML6,CONCOR ICDNAYARAIPUR
810,INRNC5,RANCHI FPO
811,INRNG2,Ranaghat Railway Sta
812,INRNR1,Ranpar
813,INRPL6,Raddipalam
814,INRPR4,Raipur
815,INRPR6,Raipur
816,INRPU5,RAIPUR FPO
817,INRRI1,Raili
818,INRRK4,Rourkela
819,INRTC1,Ratnagiri
820,INRTC4,Ratnagiri
821,INRTM6,CONCOR ICD RATLAM
822,INRUP4,Rupsi
823,INRVD1,Revdanda
824,INRWR1,Rameshwaram
825,INRXLB,Raxaul
826,INSABB,Sabroom
827,INSAC6,Sachin (Surat)
828,INSAJ6,NAVKAR ICD UMBERGAON
829,INSAL1,Salaya
830,INSAS6,INFOSYS SEZ MOHALI
831,INSAU6,THAR DRY PORT
832,INSBC6,BIOCON SEZ BANGALORE
833,INSBH1,Sinbhour
834,INSBI6,ICD Sabarmati
835,INSBK6,KIADB/SEZ/BANGALORE
836,INSBL6,INFOSYS/SEZ/BANGLORE
837,INSBW6,WIPRO ELEC/SEZ/BLR
838,INSBZ1,SHELLA BAZAR
839,INSCH6,SAP-SEZ SURAT
840,INSGF6,GRFL ICD SAHNEWAL
841,INSHI1,Shirola
842,INSHL4,Shillong
843,INSHP1,Sinbhour Port
844,INSIK1,Sikka
845,INSJR6,Surajpur
846,INSKD6,ICD KALINGANAGAR
847,INSKPB,Sukhia Pokhari
848,INSLL6,Singanallur
849,INSLR2,Silcher R.M.S. Offic
850,INSLRB,Silcher Steamerghat
851,INSLT6,SALT LAKE (EPZ/SEZ)
852,INSLV4,Simla
853,INSMK6,KEONICS/SEZ/SHIMOGA
854,INSMPB,Srimantapur
855,INSMR1,Simor
856,INSNA6,ANSAL SEZ SONEPAT
857,INSNBB,Sonabarsa
858,INSNF6,"ICD, Hyderabad"
859,INSNG2,Singabad Railway Sta
860,INSNI6,"KANECH, ICD SAHNEWAL"
861,INSNLB,Sonauli
862,INSNN6,APIIC LTD.
863,INSNR6,ARI LTD.
864,INSNS6,NLE PVT. LTD.
865,INSPC6,CCLPIL SEZ VIZAG
866,INSPE6,ASDI SEZ NELLORE
867,INSRE6,Saharanpur
868,INSRK6,KSITILA/SEZ/PALI/ALZ
869,INSRV1,Surasani-Yanam
870,INSSE4,Sholapur
871,INSTFB,SIKTA LCS
872,INSTIB,Sitai
873,INSTM6,MIDC PHALTAN SEZ
874,INSTP1,Satpati
875,INSTRB,Sutarkandi
876,INSTT6,Dadri STTPL CFS
877,INSTU6,MIDC SEZ SATARA
878,INSTV1,Surat
879,INSTV4,Surat
880,INSTV6,Surat(EPZ/SEZ)
881,INSWD1,Shriwardhan
882,INSXE6,ELCOT AMMAPALAYAM
883,INSXR4,Srinagar
884,INSXR5,FPO SRINAGAR
885,INSXV4,Salem
886,INSXV6,Salem
887,INTAD1,Tadri
888,INTAS6,SRICITYPVTLTD-SEZ
889,INTBC6,CTS PVT. LTD.
890,INTBM6,PHPL SEZ KANCHEPURAM
891,INTBP6,"SPIPL SEZ, PERUGULTH"
892,INTBS6,HEXAWARE TECH. LTD.
893,INTBT6,TCS LTD.
894,INTCR6,"M/S TICS, ICD MATHIL"
895,INTDE6,Tudiyalur-Coimbatore
896,INTEI4,Tezu
897,INTEL1,Tellicherry
898,INTEN6,SIPCOT GANGAKONDAN
899,INTEZ4,Tezpur
900,INTGN6,KEIPL/ PUNE
901,INTHA6,Thar Dry Port Jodhpu
902,INTHL1,Thal
903,INTHO6,Tiruppur-Thottiplaya
904,INTIR4,Tirupati
905,INTIV1,Tiviri
906,INTJA1,Talaja
907,INTJPB,Tezpur Steamerghat
908,INTJV4,Thanjavur
909,INTKD2,Tuglakabad
910,INTKD6,Tuglakabad
911,INTKNB,Tikonia
912,INTLG6,Pune-Talegoan ICD
913,INTLT6,L&T SBL L&T CHENNAI
914,INTMI6,"M/S IFFCO KISAN, SEZ"
915,INTMP1,Trombay
916,INTMX6,"ICD, THIMMAPUR,"
917,INTNA1,Thana
918,INTNC6,CCCL SEZ TUTICORIN
919,INTND1,Tondi
920,INTNGB,Tungi
921,INTNI6,HIPL SEZ
922,INTNK1,Tankari
923,INTNS6,SSL SEZ TUTICORIN
924,INTPH1,Thopputhurai
925,INTPJ6,ECTN SEZ TRICHY
926,INTPN1,Talpona
927,INTRA1,Tranquebar
928,INTRL6,ICD Tiruvallur
929,INTRP1,Tarapur
930,INTRV4,Thiruvananthapuram (
931,INTRZ4,Tiruchirapalli
932,INTSI6,HVCPL SEZ KADAYAM
933,INTTP6,Dadri TTPL
934,INTTS1,T.T. SHED (KIDDERPOR
935,INTUI6,FCPL SEZ KESAVARAM
936,INTUN1,Tuna
937,INTUP6,Tirupur
938,INTUT1,Tuticorin
939,INTUT6,Tuticorin ICD
940,INTVC6,KINFRAA SEZ
941,INTVT6,ICD TONDIARPET CHENN
942,INTYR1,Tirukkadayyur
943,INUDI6,SYNEFRA-SEZ/UDUPI
944,INUDN6,GHB-SEZ SURAT
945,INUDR4,Udaipur
946,INUDR6,Udaipur
947,INUDZ6,Udaipur
948,INUKL6,ETLISL SEZ ERODE
949,INULPB,Ultapani
950,INULW1,Ulwa
951,INUMB1,Umbergoan
952,INUMR1,Umarsadi
953,INURF6,FAB CITY SPV-SEZ/SRI
954,INURG6,GMR HYDTABAD AVIATIO
955,INURI6,INDU TECHZONE PVT.
956,INURT6,TCS LTD. ADIBATLA
957,INUTN1,Uttan
958,INVAD1,Vadinar
959,INVAL6,Valvada ICD
960,INVAP1,Vapi
961,INVEN1,Vengurla
962,INVEP1,Veppalodai
963,INVGA4,Vijayawada
964,INVGA5,FPO VIJAYAWADA
965,INVGR6,BHOJVA ICD VIRAMGAM
966,INVKH6,HIRANANDANI BUIL.
967,INVKM1,Valinokkam
968,INVLD6,DISH/SEZ/KALYANGADH
969,INVLN6,NG REALTY-SEZ/TALUKA
970,INVLR6,SIPCOT LTD.
971,INVNG1,Vengurla
972,INVNS4,Varanasi
973,INVNS5,FPO VARANASI
974,INVNS6,Varanasi
975,INVPI6,Vapi
976,INVRD1,Varavda
977,INVRU1,Vadarevu
978,INVSA6,APIIC (HALL NO.3)
979,INVSI1,Vansi-Borsi
980,INVSK6,APIIC- (HALL NO. 2)
981,INVSP6,WIPRO SEZRESPUVANIPA
982,INVSV1,Varsova
983,INVTC6,CHEYYAR VELLORE
984,INVTZ1,Visakhapatnam
985,INVTZ4,Visakhapatnam
986,INVTZ6,Visakhapatnam SEZ
987,INVVA1,Veraval
988,INVYD1,Vijaydurg
989,INVZJ1,Vazhinjam
990,INVZM6,DLL SEZ
991,INVZR6,M/S DR. REDDY SEZ
992,INWAL6,Waluj (Aurangabad)
993,INWFD6,ICD Bangalore
994,INWFI6,INFO/SEZ/BANGALORE
995,INWFT6,ITPL SEZ II BENGALUR
996,INWGC4,Warrangal
997,INWRR6,WARDHA POWER CO LTD
998,INYMA6,MODERN ASSET SEZ II
999,INYNA6,MOSERN ASSET SEZ I
1000,INYNK6,KIP/SEZ/N BANGALORE
1001,INYNL6,L&T CEL SEZ II
1002,INYNM6,MILESTONE/SEZ/BLR
1003,INYNT6,L&T CEL SEZ I
1004,INZIP6,ZIPL-SEZ AHMEDABAD
